{
    "y": [
        {
            "nodules": [
                {
                    "lobulation": [
                        2,
                        0.527798593044281
                    ],
                    "texture": [
                        1,
                        0.870201826095581
                    ],
                    "spiculation": [
                        1,
                        0.7124857902526855
                    ],
                    "calcification": [
                        1,
                        0.9269960522651672
                    ],
                    "malignancy": [
                        1,
                        0.8711763024330139
                    ],
                    "probability": 0.9961312412527907,
                    "semi_y_axis": 0,
                    "semi_x_axis": 0,
                    "modelorhand": 0,
                    "radius": 3.012045381590724,
                    "coordinate": [
                        0.23952722549438477,
                        0.4104684889316559,
                        0.40709663649736827
                    ],
                    "nodule_index": 0,
                    "hu_min": -100,
                    "hu_max": 560,
                    "hu_mean": 135,
                    "volume": 456.456
                }
            ],
            "index": 0
        }
    ]
}